<?xml version="1.0" encoding="utf-8"?>
<Resource_Settings type="resource">
  <Resource_Element>
    <Main_Resource_ID>10000</Main_Resource_ID>
    <Main_Resource_Name>Database</Main_Resource_Name>
    <Default_Resource>Database_1</Default_Resource>
    <Main_Resource_Defintion>
      <Resource_Type_ID>1</Resource_Type_ID>
      <Resource_Type_Name>Database_1</Resource_Type_Name>
      <Resource_Type_Description />
      <Resource_Properties>
        <ID>1</ID>
        <Name>DBMS</Name>
        <ExpressionValue>21</ExpressionValue>
        <DisplaySequenceID>1</DisplaySequenceID>
      </Resource_Properties>
      <Resource_Properties>
        <ID>10</ID>
        <Name>Library/Schema Name</Name>
        <ExpressionValue />
        <DisplaySequenceID>10</DisplaySequenceID>
      </Resource_Properties>
      <Resource_Properties>
        <ID>2</ID>
        <Name>Database name</Name>
        <ExpressionValue>student</ExpressionValue>
        <DisplaySequenceID>2</DisplaySequenceID>
      </Resource_Properties>
      <Resource_Properties>
        <ID>3</ID>
        <Name>Server</Name>
        <ExpressionValue>IN-BALAJILPT\SQLEXPRESS</ExpressionValue>
        <DisplaySequenceID>3</DisplaySequenceID>
      </Resource_Properties>
      <Resource_Properties>
        <ID>4</ID>
        <Name>Data Source name</Name>
        <ExpressionValue />
        <DisplaySequenceID>4</DisplaySequenceID>
      </Resource_Properties>
      <Resource_Properties>
        <ID>5</ID>
        <Name>Connect String</Name>
        <ExpressionValue />
        <DisplaySequenceID>5</DisplaySequenceID>
      </Resource_Properties>
      <Resource_Properties>
        <ID>6</ID>
        <Name>Database alias</Name>
        <ExpressionValue />
        <DisplaySequenceID>6</DisplaySequenceID>
      </Resource_Properties>
      <Resource_Properties>
        <ID>7</ID>
        <Name>User</Name>
        <ExpressionValue>sa</ExpressionValue>
        <DisplaySequenceID>7</DisplaySequenceID>
      </Resource_Properties>
      <Resource_Properties>
        <ID>8</ID>
        <Name>Password</Name>
        <ExpressionValue>7dmxUu2xlKQ=</ExpressionValue>
        <DisplaySequenceID>8</DisplaySequenceID>
      </Resource_Properties>
      <Resource_Properties>
        <ID>9</ID>
        <Name>Starting Owner</Name>
        <ExpressionValue />
        <DisplaySequenceID>9</DisplaySequenceID>
      </Resource_Properties>
      <Resource_Properties>
        <ID>20</ID>
        <Name>DataB name - sort (Lowercase)</Name>
        <ExpressionValue />
        <DisplaySequenceID>11</DisplaySequenceID>
      </Resource_Properties>
      <Resource_Properties>
        <ID>22</ID>
        <Name>Filter Owner</Name>
        <ExpressionValue />
        <DisplaySequenceID>12</DisplaySequenceID>
      </Resource_Properties>
      <Resource_Properties>
        <ID>23</ID>
        <Name>ODBC Driver Name</Name>
        <ExpressionValue />
        <DisplaySequenceID>13</DisplaySequenceID>
      </Resource_Properties>
      <Resource_Properties>
        <ID>24</ID>
        <Name>Filters data</Name>
        <ExpressionValue />
        <DisplaySequenceID>14</DisplaySequenceID>
      </Resource_Properties>
      <Resource_Properties>
        <ID>25</ID>
        <Name>Library Details</Name>
        <ExpressionValue />
        <DisplaySequenceID>15</DisplaySequenceID>
      </Resource_Properties>
    </Main_Resource_Defintion>
  </Resource_Element>
</Resource_Settings>