<?xml version="1.0" encoding="UTF-8" standalone="no" ?>
<Application>

  <Header>
    <Version val="14060.00"/>
    <WithIsn val="Y"/>
  </Header>

  <ProgramsRepositoryHeaders>
    <Program>
      <Header Description="Main Program" ISN_2="1" LastIsn="1" id="1">
        <Resident val="N"/>
        <SQL val="N"/>
        <ReturnValue>
          <ReturnValueAttr/>
          <ParametersAttributes/>
        </ReturnValue>
        <SqlWhereExist val="N"/>
        <TaskType val="B"/>
        <External val="N"/>
        <Offline val="N"/>
        <Closeopentasks val="N"/>
        <RunProjectAs val="O"/>
        <FormType val="N"/>
        <DotNetObjectExists val="N"/>
        <LastModified _date="738881" _time="41901" date="27/12/2023" time="11:38:21"/>
      </Header>
      <SourceFileTimeStamp _date="738881" _time="22101" date="27/12/2023" time="06:08:21"/>
    </Program>
    <Program>
      <Header Description="map_1_1_1" ISN_2="1" LastIsn="2" id="2">
        <Public val="map_1_1_1"/>
        <ExecutionRight comp="-1"/>
        <Resident val="N"/>
        <SQL val="N"/>
        <ReturnValue>
          <ReturnValueAttr/>
          <ParametersAttributes/>
        </ReturnValue>
        <SqlWhereExist val="N"/>
        <TaskType val="B"/>
        <External val="Y"/>
        <Offline val="N"/>
        <DotNetObjectExists val="N"/>
        <LastModified _date="738881" _time="41898" date="27/12/2023" time="11:38:18"/>
      </Header>
      <SourceFileTimeStamp _date="738881" _time="22102" date="27/12/2023" time="06:08:22"/>
    </Program>
  </ProgramsRepositoryHeaders>

</Application>
